{"cameraMode":{"drawMode":0,"name":"Shaded","section":"Shading Mode"},"sceneLighting":true,"audioPlay":false,"sceneViewState":{"m_AlwaysRefresh":false,"showFog":true,"showSkybox":true,"showFlares":true,"showImageEffects":true,"showParticleSystems":true,"showVisualEffectGraphs":true,"m_FxEnabled":true},"in2DMode":false,"pivot":{"x":35.30010223388672,"y":4.851868152618408,"z":-6.0028228759765629},"rotation":{"x":-0.02592318132519722,"y":0.6858075261116028,"z":0.024533724412322046,"w":0.7272389531135559},"size":12.419334411621094,"orthographic":false}