{"cameraMode":{"drawMode":0,"name":"Shaded","section":"Shading Mode"},"sceneLighting":true,"audioPlay":false,"sceneViewState":{"m_AlwaysRefresh":false,"showFog":true,"showSkybox":true,"showFlares":true,"showImageEffects":true,"showParticleSystems":true,"showVisualEffectGraphs":true,"m_FxEnabled":true},"in2DMode":false,"pivot":{"x":36.647674560546878,"y":3.580495834350586,"z":-2.0264625549316408},"rotation":{"x":0.01571209728717804,"y":-0.8612332344055176,"z":-0.026945333927869798,"w":-0.5075490474700928},"size":8.132783889770508,"orthographic":false}