{"cameraMode":{"drawMode":0,"name":"Shaded","section":"Shading Mode"},"sceneLighting":true,"audioPlay":false,"sceneViewState":{"m_AlwaysRefresh":false,"showFog":true,"showSkybox":true,"showFlares":true,"showImageEffects":true,"showParticleSystems":true,"showVisualEffectGraphs":true,"m_FxEnabled":true},"in2DMode":false,"pivot":{"x":18.548032760620118,"y":2.25626540184021,"z":-6.800073146820068},"rotation":{"x":-0.005606531165540218,"y":-0.6825537085533142,"z":0.0054403748363256458,"w":-0.7311903834342957},"size":0.37978285551071169,"orthographic":false}